{
  "project_info": {
    "project_number": "801024184501",
    "firebase_url": "https://my-socialmedia.firebaseio.com",
    "project_id": "my-socialmedia",
    "storage_bucket": "my-socialmedia.appspot.com"
  },
  "client": [
    {
      "client_info": {
        "mobilesdk_app_id": "1:801024184501:android:1264dac2789ea106a82efc",
        "android_client_info": {
          "package_name": "com.afroz.social.ahmad"
        }
      },
      "oauth_client": [
        {
          "client_id": "801024184501-3bum78aflo2ao5q2couc0n02egven2co.apps.googleusercontent.com",
          "client_type": 1,
          "android_info": {
            "package_name": "com.afroz.social.ahmad",
            "certificate_hash": "dc4a963177a73f80eac492bdbaf5e9db8d0ee98b"
          }
        },
        {
          "client_id": "801024184501-rk0ch8uur3b2j0l1c5g3opjmmbmi7vbs.apps.googleusercontent.com",
          "client_type": 3
        }
      ],
      "api_key": [
        {
          "current_key": "AIzaSyAV3Ao0iIBJIDtpzpX2aOVAgy9ONP4LlyM"
        }
      ],
      "services": {
        "appinvite_service": {
          "other_platform_oauth_client": [
            {
              "client_id": "801024184501-rk0ch8uur3b2j0l1c5g3opjmmbmi7vbs.apps.googleusercontent.com",
              "client_type": 3
            }
          ]
        }
      }
    }
  ],
  "configuration_version": "1"
}